[{
  "userEmailId":"example1@email.com",
  "userName":"John Doe1",
  "currency":"INR",                      
  "ticketName":"Ticket Name",
  "eventName":"Townscript: Best Event Ticketing Platform",
  "eventCode":"townscript-best",
  "ticketPrice":600,
  "discountCode": "EARLY100",            // NA, if no discount was applied
  "discountAmount":100,
  "customQuestion1":"customValue1",      // deprecated, use answerList key
  "customQuestion20":"customValue20",    // deprecated, use answerList key
  "answerList":[
    {
      "uniqueQuestionId": 111,
      "question": "Country",
      "answer": "India"
    },
    {
      "uniqueQuestionId": 222,
      "question": "Have you been at Taj Mahal?",
      "answer": "Yes"
    }
  ],
  "uniqueOrderId":"9347234294742974",
  "registrationTimestamp":"2014-08-22 06:41:27"
},
 {
   "userEmailId":"example2@email.com",
   "userName":"John Doe2",
   "currency":"INR",                     // Transaction Currency
   "ticketName":"Ticket Name",
   "eventName":"Townscript: Best Event Ticketing Platform",
   "eventCode":"townscript-best",
   "ticketPrice":600,
   "discountCode": "EARLY100",           // NA, if no discount was applied
   "discountAmount":100,
   "customQuestion1":"customValue1",     // deprecated, use answerList key
   "customQuestion20":"customValue20",   // deprecated, use answerList key
   "answerList":[
    {
      "uniqueQuestionId": 111,
      "question": "Country",
      "answer": "United States of America"
    },
    {
      "uniqueQuestionId": 222,
      "question": "Have you been at Taj Mahal?",
      "answer": "No"
    }
  ],
   "uniqueOrderId":"9347234294742974",
   "registrationTimestamp":"2014-08-22 06:41:27"
 }]
